329;gyselle nogueira;75810895978;651608968;gyselle;gyselle794
774;waldir costa;21899849723;868347881;waldir;waldir241
404;erasmo nunes;61193645123;167136672;erasmo;erasmo444
297;gisela oliveira;51328260086;106730980;gisela;gisela665
780;irene gouveia;70638893978;365006142;irene;irene314
619;martim vieira;60422750110;605244659;martim;martim651
14;rafael oliveira;27991324830;830769779;rafael;rafael637
566;maiara rezende;10133733155;886443768;maiara;maiara524
673;layla monteiro;87288359442;939996862;layla;layla893
319;tito zagalo;54895814396;647065414;tito;tito537
